1,f
3,m
5,f
968,m
2,m
6,f
7,m
8,f
969,m
970,m
1177,m
1122,f
445,m
446,f
10,f
11,f
1178,m
12,f
0,m
1179,m
1180,f
972,f
973,f
971,m
1182,m
13,m
1183,m
1184,f
1181,f
1185,m
447,m
1186,m
448,m
977,m
1123,m
1124,f
449,m
15,f
16,m
979,m
978,m
1125,f
1188,f
1189,m
17,m
18,m
1190,m
1126,m
451,m
1191,m
450,f
19,m
981,f
983,m
452,f
1192,m
985,m
1128,f
453,f
1129,f
988,m
20,m
987,f
986,m
1194,m
455,m
989,m
456,m
22,m
990,f
457,m
1127,m
1187,f
982,f
1193,f
998,m
14,m
495,m
24,m
991,f
992,m
26,m
25,m
1196,m
458,m
993,f
1197,m
994,m
996,m
995,m
1198,f
997,m
459,m
1130,f
28,f
1000,m
1131,m
1002,m
1001,f
1132,m
1003,f
29,m
30,f
21,m
1004,m
1006,f
460,f
1199,f
34,m
35,m
1007,m
36,m
38,m
39,m
40,m
1200,f
1009,m
1201,f
1202,f
33,f
1110,f
209,m
488,m
1011,m
1203,m
1133,f
461,m
41,m
1013,m
1014,m
42,f
1015,m
1016,f
462,m
45,m
1206,f
1017,m
1019,f
1205,f
1255,m
133,m
1207,m
1209,m
1210,f
463,m
1025,f
1211,f
464,m
49,m
1212,f
50,m
1214,m
1215,m
51,f
207,f
1029,m
1030,f
1032,m
1217,m
1218,f
1033,f
1134,m
53,f
55,m
1034,m
56,f
58,m
465,m
1036,m
1037,m
60,m
1220,f
61,m
203,m
204,f
205,m
466,m
1039,f
1040,m
65,f
1041,m
66,m
1043,f
67,m
1044,m
1046,f
1047,m
71,m
1222,f
1048,m
1223,f
1050,m
1224,f
74,f
1052,m
1053,m
1054,m
1055,m
1225,m
80,m
131,m
477,f
201,m
202,f
1057,f
1226,f
1059,m
83,f
1227,m
1231,m
1232,m
1230,m
85,m
1233,f
1234,m
86,f
1060,f
87,f
1235,m
1063,f
1236,m
89,m
1064,m
1237,f
1065,f
1066,f
1238,m
91,m
1239,m
93,m
1068,m
1240,m
1069,f
95,m
1070,f
96,m
1071,m
98,m
1228,m
90,m
1067,m
127,m
128,m
470,m
471,m
188,m
191,m
1072,m
1243,f
1244,f
1075,f
1077,m
1078,f
1079,m
1080,f
101,m
102,f
103,m
1245,f
1246,m
1247,m
105,f
106,m
1081,m
107,m
108,m
110,m
111,m
113,m
114,m
1249,m
121,f
175,m
178,m
467,m
468,f
182,f
185,f
1248,f
116,m
1250,f
117,m
1251,m
1088,m
118,m
1252,f
1089,m
119,m
1090,f
1091,f
120,m
1092,f
1093,f
123,m
124,f
1254,f
1095,m
1097,m
1098,m
1100,m
1102,f
1105,m
1106,f
1107,m
1108,m
1109,m
1111,m
1082,f
1253,m
1086,m
122,m
1096,f
126,m
129,m
136,m
159,f
1112,m
1113,f
1114,m
4,m
9,f
974,m
975,m
976,f
980,m
984,m
454,m
1195,m
999,m
23,m
27,m
1005,m
31,m
32,m
1008,m
37,f
1010,f
1204,f
1012,m
44,m
43,m
1018,f
1020,m
1208,m
1021,f
1022,f
46,f
1023,m
1024,m
47,m
1026,m
48,m
1027,f
1213,f
1028,m
52,m
1216,f
1219,m
54,m
57,f
1031,f
59,m
1035,f
62,f
63,m
64,m
1038,f
68,m
69,m
70,f
1221,m
1042,m
72,f
73,m
1045,f
75,f
77,m
76,f
78,f
79,f
1049,f
1051,m
1056,m
1229,f
1058,m
81,f
82,m
84,m
1061,f
88,m
1062,m
1241,m
139,m
140,m
142,m
144,m
1242,m
92,f
94,m
97,m
99,m
1073,m
1074,f
100,m
1076,f
104,m
109,f
112,m
115,m
1083,f
1084,f
1085,m
1087,f
1094,m
125,f
1099,f
1101,f
1103,f
1104,m
130,m
132,m
134,m
135,m
137,m
1256,m
138,m
141,m
1257,f
143,m
1258,m
145,m
146,m
147,m
148,m
149,m
150,m
151,f
152,m
153,m
154,m
155,m
156,f
157,m
1259,m
158,m
1260,m
1261,m
160,f
161,m
162,m
163,m
164,m
165,m
166,m
167,m
168,f
169,m
170,f
171,m
172,f
173,m
174,m
176,f
177,f
1262,m
469,f
179,m
180,m
181,m
183,m
184,f
186,m
472,m
187,f
473,m
189,m
190,m
474,m
475,f
192,m
193,f
194,m
195,f
476,m
196,f
197,m
198,m
200,f
199,f
478,m
479,m
206,m
208,m
480,f
481,m
483,m
485,f
484,m
482,m
486,m
487,f
490,f
491,m
489,m
210,m
211,m
492,m
212,f
493,m
494,m
496,m
497,m
498,m
499,f
213,f
500,f
501,m
502,f
503,f
504,m
505,m
506,f
507,m
214,m
508,m
509,m
215,m
510,f
511,m
512,m
513,f
514,m
217,f
216,m
218,m
219,f
515,f
516,m
220,f
517,f
519,m
520,f
518,f
222,f
221,m
521,m
223,m
224,m
225,f
522,f
523,f
226,m
227,f
228,f
524,m
525,m
526,m
527,m
229,f
528,m
230,m
529,m
530,m
232,f
231,m
531,m
233,f
234,f
235,f
236,f
237,m
532,m
238,f
533,m
534,f
239,f
535,m
240,m
241,m
536,f
242,m
537,f
243,m
244,m
538,m
245,m
539,m
540,m
541,m
542,m
543,f
544,m
246,f
546,f
545,m
547,m
548,m
549,m
247,f
248,m
249,m
250,m
251,f
550,m
551,m
552,f
252,m
553,f
554,m
555,m
253,f
556,m
557,m
558,m
559,m
560,f
561,m
254,f
255,f
256,m
562,f
563,m
564,m
565,m
257,f
566,m
567,f
258,m
259,m
568,m
569,m
260,f
570,m
571,m
572,f
576,m
573,m
575,f
261,m
262,m
263,m
264,m
265,m
266,m
268,m
267,m
269,f
270,m
271,f
272,f
273,m
274,m
275,m
276,f
277,m
278,f
279,m
280,m
281,m
282,m
283,m
284,m
285,m
286,m
287,f
288,f
289,m
290,m
291,m
292,m
293,m
294,f
295,m
296,m
297,m
298,m
299,m
300,m
301,m
302,m
303,f
305,m
304,m
306,m
307,m
308,m
309,m
310,m
311,m
312,m
313,f
314,m
315,m
316,m
317,m
318,m
319,m
321,m
320,f
322,m
323,m
324,f
325,m
326,f
327,f
328,m
329,f
330,f
331,f
332,m
333,m
334,m
335,m
336,f
337,m
338,m
339,m
340,m
341,m
342,m
343,m
344,m
345,m
346,m
347,m
348,m
349,f
350,f
351,m
352,f
353,m
354,f
355,m
356,m
357,f
358,f
359,f
360,m
361,f
362,m
363,m
364,m
365,f
366,f
367,m
369,m
368,f
370,m
371,m
372,m
373,m
374,f
375,m
376,f
377,f
378,m
379,m
380,f
381,m
382,f
383,f
384,m
385,m
386,f
387,f
388,f
389,f
390,m
391,m
392,m
393,m
394,m
395,m
396,f
397,f
398,f
399,m
400,f
401,f
402,m
403,m
405,f
404,m
406,m
407,f
408,m
409,m
410,m
411,f
412,f
413,f
414,m
415,f
416,m
417,m
418,m
419,m
420,f
421,m
422,m
423,f
424,f
425,m
426,m
427,m
428,m
429,m
430,f
431,m
432,m
433,f
434,m
435,m
436,m
437,f
438,m
439,m
440,f
441,m
442,f
443,m
444,m
574,m
577,m
583,f
584,m
578,m
580,m
579,m
581,m
582,m
585,f
586,f
588,m
589,m
590,m
587,m
591,m
592,m
593,m
594,m
595,m
596,f
597,m
598,f
599,f
600,f
601,f
602,m
603,f
604,m
800,f
605,m
801,m
802,m
803,m
804,m
805,m
806,m
606,m
607,m
608,m
609,f
610,m
807,m
808,f
611,m
809,m
810,m
612,m
811,f
613,m
614,m
615,f
812,m
813,f
814,m
815,f
616,f
617,m
816,m
817,m
618,m
619,m
620,m
819,m
818,f
621,m
622,f
623,m
624,f
625,m
820,f
821,m
626,m
822,m
627,m
823,f
824,m
628,m
629,m
630,m
631,f
632,m
633,m
634,m
825,m
635,m
636,m
826,m
637,f
638,f
827,m
828,m
639,f
829,m
640,m
641,m
642,m
643,f
644,m
830,m
645,m
646,m
647,m
648,m
649,f
650,f
651,f
652,m
653,m
654,m
655,f
656,m
657,m
658,f
659,m
660,m
661,f
831,m
662,m
663,m
664,m
666,f
665,m
667,m
668,m
669,m
670,m
671,m
672,m
832,m
673,f
674,m
833,m
675,f
676,f
677,f
679,m
678,f
680,m
834,f
681,m
682,m
683,m
835,m
684,m
685,m
686,m
687,m
688,f
836,m
689,m
690,m
837,m
691,m
692,m
838,m
839,m
693,f
840,m
841,m
694,m
695,m
696,m
697,m
698,f
699,m
700,m
701,m
702,f
703,f
704,m
705,f
706,f
707,m
708,f
842,m
709,m
710,f
711,f
843,f
712,m
713,m
844,m
714,m
715,m
716,m
717,m
718,f
719,f
721,m
720,m
1263,f
722,f
723,m
845,m
724,m
725,m
846,f
847,f
848,m
849,m
726,m
727,f
850,f
851,m
852,f
853,m
728,m
729,f
854,f
855,m
856,f
857,f
730,f
858,m
731,f
860,m
859,m
861,m
862,m
863,m
732,f
864,m
865,f
866,m
733,f
868,f
867,m
869,f
870,m
734,f
735,f
736,f
737,f
738,f
739,f
740,f
741,f
871,m
872,f
873,m
874,m
742,f
875,m
743,f
876,m
744,m
877,m
878,m
745,f
879,f
880,m
881,f
882,m
883,m
746,m
884,m
885,f
886,f
887,m
747,m
888,m
889,f
890,m
891,m
892,m
893,f
748,m
894,m
895,m
749,m
750,m
896,m
751,m
897,m
752,m
753,m
898,m
899,f
900,f
754,m
755,m
901,m
902,m
756,m
757,f
903,f
904,m
758,f
759,m
905,m
906,m
907,f
908,m
909,f
910,m
760,m
911,m
912,m
913,f
914,f
761,m
915,m
916,f
917,m
918,f
919,f
762,m
763,m
920,f
921,m
764,f
922,m
923,f
924,m
765,f
766,f
767,m
925,f
926,f
927,f
928,f
929,m
930,f
931,m
932,m
768,m
933,f
934,m
935,m
936,m
769,m
770,m
771,m
937,f
772,f
1135,m
773,f
1136,f
938,f
939,f
774,m
1137,f
1138,m
1139,f
1140,m
775,m
776,f
777,f
940,m
941,f
778,m
942,m
1141,m
779,m
780,f
781,m
1142,m
1143,f
782,f
783,m
784,f
943,m
944,f
945,m
1144,m
785,f
1145,m
946,f
1146,f
1147,m
947,m
948,f
1148,f
786,m
949,f
950,m
951,m
1149,m
952,f
787,m
1150,m
788,m
1151,m
789,f
1152,m
790,f
953,m
1153,m
791,m
792,f
954,m
1154,m
1155,f
1156,m
955,m
793,f
1157,m
1115,f
1158,m
956,m
1159,f
1160,f
794,m
795,m
957,m
1116,f
1161,m
1162,m
958,m
1163,f
1164,m
1165,m
1166,m
959,m
796,f
1167,f
797,f
1117,f
1168,f
1118,f
960,m
961,m
962,m
1169,m
1170,m
963,m
1171,f
1172,m
964,f
1173,m
798,m
1174,m
1119,m
965,m
1120,f
966,f
1175,f
1176,f
1121,f
967,m
799,f
